{"cameraMode":{"drawMode":0,"name":"Shaded","section":"Shading Mode"},"sceneLighting":true,"audioPlay":false,"sceneViewState":{"m_AlwaysRefresh":true,"showFog":true,"showSkybox":true,"showFlares":true,"showImageEffects":true,"showParticleSystems":true,"showVisualEffectGraphs":true,"m_FxEnabled":true},"in2DMode":false,"pivot":{"x":25.07744026184082,"y":-13.257259368896485,"z":13.255640029907227},"rotation":{"x":-0.20235520601272584,"y":-0.24043911695480348,"z":0.05132569000124931,"w":-0.9479494094848633},"size":12.12435531616211,"orthographic":false}